Value,Diff
872.31,15.27
857.04,0.23
856.81,17.67
839.14,-7.97
847.11,6.76
840.35,18.71
821.64,13.34
808.3,-14.38
822.68,12.74
809.94,-35.95
845.89,10.13
835.76,-8.66
844.42,20.44
823.98,8.75
815.23,-0.09
815.32,-14.55
829.87,-1.3
831.17,37.68
793.49,17.76
775.73,-1.21
776.94,12.82
764.12,-6.84
770.96,-5.03
775.99,23.3
752.69,-3.55
756.24,8.93
747.31,-11.27
758.58,-10.13
768.71,12.21
756.5,-0.86
757.36,-12.22
769.58,-25.55
795.13,-17.67
812.8,-24.52
837.32,8.23
829.09,-11.61
840.7,-6.15
846.85,15.16
831.69,-15.85
847.54,-11.69
859.23,22.26
836.97,13.95
823.02,04.07
818.95,6.49
812.46,-27.37
839.83,6.41
833.42,-22.87
856.29,-32.14
888.43,-2.42
890.85,-5.98
896.83,1.3
895.53,16.2
879.33,-28.41
907.74,29.19
878.55,16.11
862.44,-3.38
865.82,-14.2
880.02,-17.07
897.09,59.08
838.01,31.96
806.05,-17.06
823.11,16.02
807.09,9.36
797.73,-12.39
810.12,-1.38
811.5,-0.35
811.85,6.5
805.35,-3.12
808.47,3.46
805.01,-25.72
830.73,-5.55
836.28,-1.21
837.49,-22.26
859.75,25.12
834.63,12.4
822.23,-4.78
827.01,3.73
823.28,7.53
815.75,-27.11
842.86,-9.96
852.82,-6.93
859.75,-2.43
862.18,-13.51
875.69,5.19
870.5,13.52
856.98,0.34
856.64,9.1
847.54,16.98
830.56,-11.35
841.91,5.63
836.28,15.07
821.21,-13.94
835.15,-8.15
843.3,-5.8
849.1,7.12
841.98,-4.18
846.16,12.63
833.53,5.46
828.07,-11.69
839.76,-6.4
846.16,-20.9
867.06,-16.3
883.36,3.16
880.2,-7.43
887.63,13.48
874.15,-4.95
879.1,-14.84
893.94,15.36
878.58,-19.03
897.61,58.62
838.99,24.31
814.68,5.38
809.3,-9.64
818.94,12.46
806.48,-9.22
815.7,3.93
811.77,-10.58
822.35,-10.84
833.19,-9.56
842.75,3.84
838.91,0
838.91,10.07
828.84,-29.69
858.53,-8.62
867.15,-8.96
876.11,-5.37
881.48,-14.25
895.73,10.75
884.98,16.21
868.77,5.63
863.14,42.58
820.56,8.87
811.69,26.54
785.15,7.5
777.65,-6.48
784.13,-7.42
791.55,28.15
763.4,-40.18
803.58,-7.34
810.92,5.12
805.8,-21.08
826.88,-27.22
854.1,3.25
850.85,-10.67
861.52,-14.85
876.37,6.66
869.71,-12.12
881.83,-7.08
888.91,-2.22
891.13,-32.85
923.98,5.89
918.09,-13.39
931.48,-23.21
954.69,-12.03
966.72,8.53
958.19,25.6
932.59,-8.37
940.96,4.44
936.52,-27.22
963.74,23.64
940.1,-10.58
950.68,0
950.68,-5.46
956.14,12.54
943.6,19.11
924.49,-7.93
932.42,-53.93
986.35,-3.58
989.93,-3.41
993.34,37.11
956.23,39.08
917.15,-20.05
937.2,-29.18
966.38,-6.4
972.78,04.09
968.69,-4.6
973.29,33.1
940.19,-7.08
947.27,-5.03
952.3,20.73
931.57,-4.52
936.09,-38.49
974.58,9.96
964.62,-21.15
985.77,-7.03
992.8,-1.98
994.78,-12.33
1007.11,6.84
1000.27,-5.31
1005.58,-14.77
1020.35,24.76
995.59,19.19
976.4,-9.55
985.95,14.23
971.72,-20.03
991.75,-2.04
993.79,-12.49
1006.28,10.09
996.19,3.32
992.87,33.68
959.19,3.52
955.67,-3.23
958.9,22.16
936.74,-15.6
952.34,9.8
942.54,5.61
936.93,16.36
920.57,28.35
892.22,30.54
861.68,-11.13
872.81,36.62
836.19,12.18
824.01,-36.72
860.73,-12.27
873,21.31
851.69,13.7
837.99,-14.56
852.55,0.1
852.45,-3.43
855.88,2.95
852.93,-33.01
885.94,-6.75
892.69,6.18
886.51,10.75
875.76,2.38
873.38,-1.62
875,8.47
866.53,18.93
847.6,2.57
845.03,-26.07
871.1,20.07
851.03,17.22
833.81,9.51
824.3,-0.09
824.39,17.03
807.36,9.99
797.37,-8.28
805.65,-12.27
817.92,-20.65
838.57,-4.37
842.94,-0.48
843.42,-18.74
862.16,13.8
848.36,-20.84
869.2,11.42
857.78,21.88
835.9,16.36
819.54,14.56
804.98,-4.76
809.74,21.12
788.62,-14.46
803.08,06.09
796.99,-17.13
814.12,-14.55
828.67,-1.9
830.57,21.97
808.6,24.26
784.34,-3.71
788.05,-81.24
869.29,-14.18
883.47,-41.66
925.13,18.31
906.82,-10.12
916.94,-2.58
919.52,11.78
907.74,-79.11
986.85,-6.25
993.1,-38.36
1031.46,39.74
991.72,-60.06
1051.78,11.86
1039.92,18.67
1021.25,13.89
1007.36,-24
1031.36,12.6
1018.76,7.26
1011.5,-33.57
1045.07,-1.47
1046.54,-29.53
1076.07,-4.78
1080.85,27.87
1052.98,-11.77
1064.75,-13.16
1077.91,-8.59
1086.5,-6.32
1092.82,-28.12
1120.94,-20.02
1140.96,23.22
1117.74,0
1117.74,-22.35
1140.09,10.06
1130.03,5.32
1124.71,-46.63
1171.34,-24.96
1196.3,-29.9
1226.2,-6.39
1232.59,13.84
1218.75,28.73
1190.02,-26.12
1216.14,3.1
1213.04,16.93
1196.11,-46.08
1242.19,0.5
1241.69,16.43
1225.26,18.03
1207.23,14.92
1192.31,-38.86
1231.17,31.95
1199.22,15.93
1183.29,0.46
1182.83,-11.38
1194.21,2.14
1192.07,-23.38
1215.45,-24.29
1239.74,14.03
1225.71,-29.88
1255.59,22.46
1233.13,-39.02
1272.15,8.63
1263.52,14.64
1248.88,25.4
1223.48,5.19
1218.29,-31.91
1250.2,-0.82
1251.02,-26.42
1277.44,12.2
1265.24,5.18
1260.06,17.89
1242.17,-8.34
1250.51,-8.13
1258.64,-28
1286.64,16.54
1270.1,10.99
1259.11,29.11
1230,32.97
1197.03,36.33
1160.7,11.83
1148.87,-16.23
1165.1,-6.38
1171.48,31.72
1139.76,-44.6
1184.36,29.52
1154.84,-10.05
1164.89,32.67
1132.22,-17.91
1150.13,-7.95
1158.08,-10.99
1169.07,3.76
1165.31,8.17
1157.14,23.35
1133.79,26.69
1107.1,-17.25
1124.35,-6.9
1131.25,44.35
1086.9,-44.17
1131.07,-1.33
1132.4,9.83
1122.57,12.7
1109.87,8.5
1101.37,-13.25
1114.62,-87.46
1202.08,-16.01
1218.09,6.19
1211.9,-24.63
1236.53,12.15
1224.38,17
1207.38,-30.14
1237.52,35.78
1201.74,-4.97
1206.71,24.18
1182.53,-8.17
1190.7,-35.23
1225.93,20.98
1204.95,-11.7
1216.65,-2.32
1218.97,31.03
1187.94,-32.36
1220.3,31.36
1188.94,25.73
1163.21,-12.7
1175.91,-23.07
1198.98,-5.19
1204.17,19.21
1184.96,-33.13
1218.09,-9.27
1227.36,-48.7
1276.06,-1.66
1277.72,-12.25
1289.97,7.95
1282.02,6.18
1275.84,-23.52
1299.36,29.7
1269.66,22.31
1247.35,-20.1
1267.45,0.67
1266.78,7.73
1259.05,-6.63
1265.68,-0.88
1266.56,-8.62
1275.18,27.94
1247.24,-26.94
1274.18,-11.16
1285.34,-16.63
1301.97,-13.44
1315.41,-1.01
1316.42,15.46
1300.96,-23.52
1324.48,-10.98
1335.46,01.01
1334.45,-4.15
1338.6,-20.94
1359.54,2.46
1357.08,04.03
1353.05,32.26
1320.79,08.07
1312.72,-5.6
1318.32,-15.69
1334.01,-1.68
1335.69,28.01
1307.68,9.74
1297.94,-22.85
1320.79,-7.95
1328.74,-11.2
1339.94,-28.9
1368.84,12.32
1356.52,-33.73
1390.25,-14.11
1404.36,-30.73
1435.09,-29.24
1464.33,-7.8
1472.13,-5.05
1477.18,-58.03
1535.21,-7.79
1543,0
1543,-6.2
1549.2,35.67
1513.53,-23.17
1536.7,6.77
1529.93,-41.06
1570.99,-42.43
1613.42,-51.03
1664.45,-33.26
1697.71,-11.35
1709.06,9.23
1699.83,-92.91
1792.74,24.18
1768.56,-53.16
1821.72,82.5
1739.22,-50.96
1790.18,-50.22
1840.4,4.83
1835.57,60.89
1774.68,-14.75
1789.43,29.63
1759.8,-63.49
1823.29,-53.42
1876.71,-9.19
1885.9,11.71
1874.19,-5.35
1879.54,-5.72
1885.26,-15.61
1900.87,79.44
1821.43,43.45
1777.98,-32.06
1810.04,46.4
1763.64,-18.98
1782.62,-72.98
1855.6,-32.2
1887.8,-10.54
1898.34,-1.41
1899.75,141.03
1758.72,-3.93
1762.65,-7.04
1769.69,-4.49
1774.18,-18.99
1793.17,-43.87
1837.04,4.68
1832.36,-45.35
1877.71,-8.82
1886.53,12.94
1873.59,-19.97
1893.56,-20.67
1914.23,-10.83
1925.06,12.8
1912.26,-16.59
1928.85,-1.55
1930.4,03.09
1927.31,-78.6
2005.91,-70.72
2076.63,-24.89
2101.52,-56.52
2158.04,-28.83
2186.87,3.52
2183.35,-51.89
2235.24,11.25
2223.99,-56.24
2280.23,21.57
2258.66,-74.86
2333.52,-2.28
2335.8,-54.54
2390.34,51.56
2338.78,62.79
2275.99,40.62
2235.37,-45.03
2280.4,-41.9
2322.3,49.78
2272.52,29.32
2243.2,-48.37
2291.57,-34.58
2326.15,-51.58
2377.73,-43.12
2420.85,-16.01
2436.86,0.16
2436.7,-19.29
2455.99,-54.05
2510.04,24.71
2485.33,-86.74
2572.07,-19.93
2592,-93.43
2685.43,-24.07
2709.5,70.15
2639.35,77.97
2561.38,-47.36
2608.74,84.1
2524.64,-45.53
2570.17,-70.82
2640.99,158.78
2482.21,235.48
2246.73,295.97
1950.76,-42.77
1993.53,34.48
1959.05,24.04
1935.01,21.38
1913.63,3.15
1910.48,143.74
1766.74,-100.3
1867.04,-108.26
1975.3,-24.37
1999.67,60.84
1938.83,27.52
1911.31,-44.76
1956.07,52.56
1903.51,-54.71
1958.22,47.74
1910.48,-72.78
1983.26,-31.33
2014.59,-8.62
2023.21,-34.65
2057.86,22.88
2034.98,-52.39
2087.37,108.42
1978.95,-9.11
1988.06,-102.13
2090.19,76.26
2013.93,-1.16
2015.09,-17.24
2032.33,24.87
2007.46,16.91
1990.55,37.96
1952.59,-3.85
1956.44,-114.87
2071.31,-30.4
2101.71,-2.31
2104.02,-38.94
2142.96,11.38
2131.58,25.43
2106.15,-23.3
2129.45,68.46
2060.99,-67.74
2128.73,9.6
2119.13,81.61
2037.52,21.52
2016,-1.43
2017.43,-37.16
2054.59,-14.22
2068.81,-29.34
2098.15,7.47
2090.68,-22.23
2112.91,-37.34
2150.25,17.07
2133.18,-50.32
2183.5,33.61
2149.89,04.09
2145.8,78.77
2067.03,4.62
2062.41,-12.27
2074.68,-17.6
2092.28,-51.21
2143.49,-7.22
2150.71,-18.22
2168.93,0.36
2168.57,-25.72
2194.29,-31.78
2226.07,-9.29
2235.36,-87.5
2322.86,-8.39
2331.25,45.18
2286.07,-38.75
2324.82,79.28
2245.54,-28.75
2274.29,-7.85
2282.14,-10
2292.14,49.1
2243.04,-50.58
2293.62,-11.18
2304.8,-32.26
2337.06,-72.4
2409.46,-9.34
2418.8,36.84
2381.96,-57.74
2439.7,-61.4
2501.1,7.33
2493.77,-24.06
2517.83,4.41
2513.42,27.04
2486.38,-45.49
2531.87,91.81
2440.06,-47.8
2487.86,-66.96
2554.82,-52.54
2607.36,-27.88
2635.24,-18.21
2653.45,-30.54
2683.99,-3.98
2687.97,-44.39
2732.36,-19.73
2752.09,42.55
2709.54,34.96
2674.58,-7.03
2681.61,-11.21
2692.82,-92.7
2785.52,216.26
2569.26,-119.88
2689.14,92.42
2596.72,-32.79
2629.51,3.9
2625.61,-27.05
2652.66,-22.89
2675.55,-72.1
2747.65,16.21
2731.44,-8.11
2739.55,28.16
2711.39,-41.81
2753.2,-20.05
2773.25,84.04
2689.21,11.31
2677.9,118.67
2559.23,-43.47
2602.7,-45.5
2648.2,12.61
2635.59,71.4
2564.19,-96.17
2660.36,-22.97
2683.33,-57.89
2741.22,36.94
2704.28,-2.93
2707.21,-9.91
2717.12,-34.68
2751.8,55.85
2695.95,50.9
2645.05,-65.31
2710.36,-91.22
2801.58,-18.33
2819.91,-1.01
2820.92,-80.05
2900.97,38.59
2862.38,-73.51
2935.89,78.71
2857.18,-23.51
2880.69,-24.26
2904.95,-75.25
2980.2,19.06
2961.14,62.63
2898.51,88.86
2809.65,93.07
2716.58,71.78
2644.8,111.88
2532.92,-81.44
2614.36,-5.19
2619.55,55.44
2564.11,51.73
2512.38,59.9
2452.48,-58.16
2510.64,112.62
2398.02,-122.77
2520.79,84.65
2436.14,-54.7
2490.84,2.23
2488.61,-61.64
2550.25,23.02
2527.23,-32.42
2559.65,-30.45
2590.1,-3.71
2593.81,-39.85
2633.66,4.45
2629.21,63.12
2566.09,64.6
2501.49,-145.29
2646.78,-12.63
2659.41,-71.28
2730.69,-100
2830.69,-103.96
2934.65,45.29
2889.36,-20.54
2909.9,-45.3
2955.2,6.93
2948.27,89.36
2858.91,-54.95
2913.86,17.08
2896.78,-24.01
2920.79,-44.8
2965.59,53.21
2912.38,-26.48
2938.86,18.69
2920.17,33.54
2886.63,-27.28
2913.91,-113.59
3027.5,50.76
2976.74,-23.71
3000.45,34.89
2965.56,58.81
2906.75,-25.72
2932.47,-48.3
2980.77,-35.55
3016.32,43.82
2972.5,-33.76
3006.26,10.06
2996.2,28.18
2968.02,-72.23
3040.25,-3.35
3043.6,31.97
3011.63,25.94
2985.69,-33.54
3019.23,13.19
3006.04,44.28
2961.76,-21.92
2983.68,-93.47
3077.15,72.23
3004.92,-51.43
3056.35,10.73
3045.62,102.42
2943.2,40.47
2902.73,08.05
2894.68,8.28
2886.4,-27.96
2914.36,-20.12
2934.48,-167.04
3101.52,-99.96
3201.48,02.02
3199.46,-65.52
3264.98,32.2
3232.78,9.39
3223.39,-2.01
3225.4,-20.57
3245.97,-34.22
3280.19,12.52
3267.67,46.07
3221.6,-14.31
3235.91,-40.48
3276.39,44.95
3231.44,-17.67
3249.11,-6.26
3255.37,-111.13
3366.5,42.04
3324.46,-11.63
3336.09,-33.32
3369.41,16.32
3353.09,-33.68
3386.77,-10.11
3396.88,-1.81
3398.69,44.33
3354.36,69.01
3285.35,2.94
3282.41,-47.88
3330.29,-0.27
3330.56,-1.08
3331.64,45.93
3285.71,-108.07
3393.78,61.6
3332.18,3.24
3328.94,74.85
3254.09,-13.52
3267.61,-14.32
3281.93,-23.77
3305.7,-21.35
3327.05,76.73
3250.32,49.71
3200.61,64.03
3136.58,-37.83
3174.41,-33.23
3207.64,-18.64
3226.28,-13.78
3240.06,07.03
3233.03,5.67
3227.36,-54.84
3282.2,-6.48
3288.68,-15.4
3304.08,-9.19
3313.27,-12.97
3326.24,25.13
3301.11,49.44
3251.67,-19.45
3271.12,14.31
3256.81,-53.22
3310.03,-132.11
3442.14,49.71
3392.43,70.25
3322.18,-48.63
3370.81,-33.77
3404.58,-23.24
3427.82,-43.76
3471.58,31.6
3439.98,69.17
3370.81,-25.67
3396.48,-82.13
3478.61,64.84
3413.77,-13.78
3427.55,-9.64
3437.19,-5.82
3443.01,-49.82
3492.83,-34.6
3527.43,-17.71
3545.14,40.13
3505.01,10.24
3494.77,3.88
3490.89,6.92
3483.97,-37.09
3521.06,-7.23
3528.29,-18.45
3546.74,7.27
3539.47,-20.96
3560.43,-9.22
3569.65,-45.83
3615.48,-25.15
3640.63,6.7
3633.93,12.3
3621.63,8.38
3613.25,70.14
3543.11,-38
3581.11,-3.63
3584.74,-44.99
3629.73,-19.57
3649.3,-31.29
3680.59,37.16
3643.43,-41.08
3684.51,-9.5
3694.01,10.06
3683.95,-20.12
3704.07,-36.6
3740.67,-10.9
3751.57,-6.15
3757.72,3.63
3754.09,-66.68
3820.77,-46.43
3867.2,-47.28
3914.48,-30.95
3945.43,74.01
3871.42,-23.36
3894.78,7.32
3887.46,48.68
3838.78,6.48
3832.3,-30.4
3862.7,-32.95
3895.65,120.92
3774.73,138.77
3635.96,-38.3
3674.26,12.79
3661.47,12.79
3648.68,-33.01
3681.69,12.19
3669.5,9.82
3659.68,-106.67
3766.35,9.21
3757.14,-15.08
3772.22,-1.23
3773.45,-3.33
3776.78,139.84
3636.94,-9.71
3646.65,-62.49
3709.14,-44.67
3753.81,18.77
3735.04,-29.46
3764.5,17.48
3747.02,-21.69
3768.71,13.6
3755.11,-125.94
3881.05,-4.53
3885.58,10.77
3874.81,-58.54
3933.35,101.6
3831.75,-11.44
3843.19,45.76
3797.43,-113.04
3910.47,19.17
3891.3,-39.36
3930.66,123.14
3807.52,06.05
3801.47,-13.79
3815.26,106.99
3708.27,-37.35
3745.62,54.51
3691.11,-116.08
3807.19,-26.24
3833.43,-1.01
3834.44,-32.97
3867.41,-41.05
3908.46,39.03
3869.43,11.44
3857.99,-70.65
3928.64,-10.43
3939.07,-14.47
3953.54,-58.2
4011.74,22.13
3989.61,-46
4035.61,-38.04
4073.65,-65.02
4138.67,-19.02
4157.69,-34.93
4192.62,-15.56
4208.18,-61.91
4270.09,-51.18
4321.27,-22.13
4343.4,-87.16
4430.56,89.23
4341.33,-27.67
4369,-75.39
4444.39,20.4
4423.99,-86.8
4510.79,-75.05
4585.84,29.74
4556.1,-146.63
4702.73,-6.09
4708.82,67.27
4641.55,-73.96
4715.51,32.05
4683.46,65.16
4618.3,0.7
4617.6,16.2
4601.4,-46.14
4647.54,-53.18
4700.72,-96.85
4797.57,33.42
4764.15,-24.93
4789.08,19.87
4769.21,-24.57
4793.78,-1.08
4794.86,53.11
4741.75,-83.82
4825.57,-44.8
4870.37,-119.58
4989.95,-58.89
5048.84,-38.29
5087.13,-69.73
5156.86,-19.87
5176.73,78.76
5097.97,-19.15
5117.12,-64.31
5181.43,120.31
5061.12,-123.56
5184.68,-87.07
5271.75,-102.24
5373.99,-167.63
5541.62,38.3
5503.32,-127.17
5630.49,93.93
5536.56,66.11
5470.45,-114.52
5584.97,-51.67
5636.64,49.5
5587.14,-95.74
5682.88,150.29
5532.59,-2.89
5535.48,-32.51
5567.99,89.96
5478.03,-40.11
5518.14,-169.36
5687.5,-75.36
5762.86,119.68
5643.18,-53.93
5697.11,47.66
5649.45,-55.78
5705.23,50.6
5654.63,66.49
5588.14,77.58
5510.56,83.74
5426.82,-46.24
5473.06,-206.77
5679.83,-1.48
5681.31,-8.14
5689.45,-33.29
5722.74,106.53
5616.21,-43.65
5659.86,-178.66
5838.52,-49.94
5888.46,15.54
5872.92,-119.94
5992.86,23.48
5969.38,-124.85
6094.23,87.21
6007.02,-14.91
6021.93,-197.89
6219.82,-128.21
6348.03,-123.73
6471.76,-49.94
6521.7,139.76
6381.94,77.07
6304.87,-179.53
6484.4,-76.51
6560.91,16.82
6544.09,-159.7
6703.79,-129.31
6833.1,136.62
6696.48,-116.61
6813.09,-42.71
6855.8,-133.16
6988.96,57.34
6931.62,53.88
6877.74,-123.15
7000.89,65.43
6935.46,130.67
6804.79,64.2
6740.59,214.52
6526.07,134.38
6391.69,-311.86
6703.55,-35.32
6738.87,-332.33
7071.2,-98.33
7169.53,-25.14
7194.67,-151.24
7345.91,14.87
7331.04,-104.74
7435.78,-346.26
7782.04,-14.47
7796.51,108.79
7687.72,-208.09
7895.81,-26.01
7921.82,31.36
7890.46,-222.98
8113.44,-80.6
8194.04,162.82
8031.22,336.56
7694.66,-193.25
7887.91,265.49
7622.42,-199.99
7822.41,79.44
7742.97,-174.3
7917.27,-4.91
7922.18,-116.4
8038.58,-6.63
8045.21,198.18
7847.03,131.62
7715.41,273.33
7442.08,-139.24
7581.32,8.84
7572.48,-308.59
7881.07,57.94
7823.13,-326
8149.13,310.83
7838.3,82.01
7756.29,76.98
7679.31,-285.73
7965.04,384.62
7580.42,-173.13
7753.55,52.81
7700.74,-205.76
7906.5,-282.99
8189.49,-180.61
8370.1,-43.84
8413.94,-131.78
8545.72,-23.67
8569.39,-33.13
8602.52,-303.91
8906.43,110.35
8796.08,-187.33
8983.41,-11.45
8994.86,-172.64
9167.5,102.88
9064.62,-82.45
9147.07,91.92
9055.15,-40.85
9096,-18.44
9114.44,214.49
8899.95,-137.76
9037.71,202.77
8834.94,122.07
8712.87,-231.67
8944.54,-80.72
9025.26,-80.48
9105.74,-232.23
9337.97,400.61
8937.36,54.07
8883.29,285.27
8598.02,173.02
8425,-108.65
8533.65,481.97
8051.68,411.43
7640.25,-155.25
7795.5,-100.16
7895.66,-133.11
8028.77,244.08
7784.69,-114.83
7899.52,-517.24
8416.76,-35.53
8452.29,-139.81
8592.1,-383.36
8975.46,55.87
8919.59,-239.96
9159.55,-173.53
9333.08,316.94
9016.14,194.38
8821.76,-81.87
8903.63,-314.36
9217.99,36.56
9181.43,-461.89
9643.32,302.77
9340.55,219.88
9120.67,-238.16
9358.83,54.59
9304.24,29.35
9274.89,-65.06
9339.95,33.37
9306.58,-429.5
9736.08,-140.27
9876.35,-27.2
9903.55,81.31
9822.24,-10.27
9832.51,-341.33
10173.84,-320.05
10493.89,-195.78
10689.67,-99.37
10789.04,-242.55
11031.59,118.27
10913.32,84.04
10829.28,269.54
10559.74,-240.1
10799.84,309.33
10490.51,-365.05
10855.56,303
10552.56,-586.68
11139.24,-54.46
11193.7,-16.14
11209.84,298.88
10910.96,255.81
10655.15,-58.88
10714.03,-259.62
10973.65,-126.96
11100.61,10.44
11090.17,11.72
11078.45,50.02
11028.43,224.8
10803.63,485.04
10318.59,45.59
10273,-376.76
10649.76,630.05
10019.71,-450.54
10470.25,-259.61
10729.86,25.38
10704.48,-64.84
10769.32,-234.57
11003.89,14.98
10988.91,-297.27
11286.18,61.48
11224.7,-32.73
11257.43,-148.33
11405.76,-91.36
11497.12,-25.44
11522.56,-200.42
11722.98,471.27
11251.71,512.84
10738.87,-224.93
10963.8,538.59
10425.21,205.69
10219.52,357.4
9862.12,-505.08
10367.2,438.38
9928.82,-666.41
10595.23,-517.49
11112.72,190.8
10921.92,-189.56
11111.48,805.71
10305.77,-538.28
10844.05,110.14
10733.91,156.05
10577.86,-31.51
10609.37,-17.48
10626.85,327.61
10299.24,-495.52
10794.76,180.7
10614.06,164.76
10449.3,44.55
10404.75,-43.14
10447.89,-188.09
10635.98,-176.77
10812.75,79.19
10733.56,222.39
10511.17,-256.58
10767.75,-260.05
11027.8,-18.68
11046.48,-146.15
11192.63,-46.15
11238.78,18.13
11220.65,293.65
10927,79.63
10847.37,196.45
10650.92,54.38
10596.54,404.36
10192.18,-34.41
10226.59,-364.03
10590.62,-227.33
10817.95,215
10602.95,-26.92
10629.87,159.64
10470.23,96.69
10373.54,-339.37
10712.91,277.95
10434.96,-200.6
10635.56,-151.29
10786.85,124.84
10662.01,136.63
10525.38,-62.21
10587.59,-72.39
10659.98,-204.12
10864.1,82.65
10781.45,-18.37
10799.82,357.92
10441.9,-24.41
10466.31,-178.31
10644.62,821.21
9823.41,318.63
9504.78,-374
9878.78,87.69
9791.09,-335.85
10126.94,-452.91
10579.85,-230.2
10810.05,-141.19
10951.24,129.93
10821.31,-480.43
11301.74,296.37
11005.37,14.96
10990.41,13.41
10977,353.36
10623.64,19.05
10604.59,102.19
10502.4,249.72
10252.68,-286.38
10539.06,-37.59
10576.65,159.98
10416.67,-96.11
10512.78,96.53
10416.25,175.47
10240.78,-182.39
10423.17,473.42
9949.75,343.9
9605.85,0.34
9605.51,1369.7
8235.81,-611.75
8847.56,-272.21
9119.77,-224.39
9344.16,140.05
9204.11,-341.06
9545.17,221.63
9323.54,-284.46
9608,-258.99
9866.99,-92.72
9959.71,108.15
9851.56,-197.9
10049.46,238.31
9811.15,-224.19
10035.34,-101.65
10136.99,-122.75
10259.74,272.21
9987.53,215.68
9771.85,-68.23
9840.08,-67.18
9907.26,163.02
9744.24,-158.8
9903.04,-65.11
9968.15,-400.71
10368.86,-203.63
10572.49,-34.74
10607.23,179.56
10427.67,23.73
10403.94,132.3
10271.64,80.82
10190.82,-66.29
10257.11,346.39
9910.72,-95.91
10006.63,66.71
9939.92,-413.16
10353.08,248.82
10104.26,179.01
9925.25,335.58
9589.67,115.46
9474.21,220.42
9253.79,10.53
9243.26,-136.24
9379.5,694.97
8684.53,665.27
8019.26,-245.13
8264.39,-48.74
8313.13,-432.32
8745.45,-32.61
8778.06,-94.9
8872.96,209.46
8663.5,236.3
8427.2,114.51
8312.69,326.67
7986.02,284.57
7701.45,173.05
7528.4,-321.89
7850.29,-472.11
8322.4,-121.59
8443.99,-73.65
8517.64,-19.49
8537.13,-41.96
8579.09,-225.75
8804.84,-91.25
8896.09,250.32
8645.77,212.06
8433.71,-77.61
8511.32,207.54
8303.78,-297.91
8601.69,-183.26
8784.95,198.21
8586.74,455.73
8131.01,77.2
8053.81,189.58
7864.23,-44.57
7908.8,-109.31
8018.11,127.03
7891.08,151.05
7740.03,-119.68
7859.71,-662.26
8521.97,376.2
8145.77,-131.38
8277.15,73.74
8203.41,-134.24
8337.65,31.3
8306.35,-276.33
8582.68,-21.92
8604.6,-74.37
8678.97,77.59
8601.38,-248.88
8850.26,-212.53
9062.79,-54.33
9117.12,-83.63
9200.75,211.7
8989.05,-81.16
9070.21,-49.38
9119.59,-68.56
9188.15,-96.42
9284.57,130.6
9153.97,-37.12
9191.09,-130.6
9321.69,-27.18
9348.87,-66.95
9415.82,-87.52
9503.34,31.79
9471.55,-173.27
9644.82,331.74
9313.08,-259.23
9572.31,-102.37
9674.68,-47.11
9721.79,139.33
9582.46,-218.66
9801.12,-8.67
9809.79,41.11
9768.68,140.15
9628.53,-153.93
9782.46,-80.22
9862.68,-179.48
10042.16,-236.06
10278.22,-46.45
10324.67,-85.18
10409.85,-49.04
10458.89,-141.62
10600.51,32.22
10568.29,80.22
10488.07,-104.96
10593.03,-34.82
10627.85,8.82
10619.03,35.11
10583.92,-11.63
10595.55,355.47
10240.08,53.48
10186.6,-26.37
10212.97,-257.62
10470.59,18.62
10451.97,-20.87
10472.84,247.27
10225.57,108.23
10117.34,104.47
10012.87,46.13
9966.74,-221.71
10188.45,-54.37
10242.82,-167.28
10410.1,-6.31
10416.41,44.57
10371.84,89.01
10282.83,69.61
10213.22,73.44
10139.78,177.56
9962.22,-177.49
10139.71,324.38
9815.33,-10.02
9825.35,-284.79
10110.14,-84.87
10195.01,-65.19
10260.2,-52.87
10313.07,28.61
10284.46,237.22
10047.24,-145.41
10192.65,137.45
10055.2,121.82
9933.38,175.57
9757.81,-269.66
10027.47,-360.07
10387.54,-151.47
10539.01,82.1
10456.91,-65.32
10522.23,-69.98
10592.21,48.99
10543.22,-106.7
10649.92,-177.2
10827.12,44.11
10783.01,179.05
10603.96,45.96
10558,165.01
10392.99,-34.21
10427.2,-288.93
10716.13,-79.88
10796.01,10.79
10785.22,-56.38
10841.6,-98.95
10940.55,166.19
10774.36,144.69
10629.67,186.8
10442.87,38.57
10404.3,-57.04
10461.34,373.83
10087.51,-70.2
10157.71,-34.8
10192.51,-152.89
10345.4,205.28
10140.12,-331.79
10471.91,-70.64
10542.55,81.58
10460.97,-51.66
10512.63,-110.44
10623.07,325.23
10297.84,-5.6
10303.44,-145.7
10449.14,-191.69
10640.83,-10.35
10651.18,10.27
10640.91,82.88
10558.03,-42.28
10600.31,41.08
10559.23,161.94
10397.29,-50.08
10447.37,-231.19
10678.56,36.62
10641.94,222.35
10419.59,-149.11
10568.7,276.39
10292.31,4.97
10287.34,72.12
10215.22,-187.55
10402.77,-127.99
10530.76,-155.28
10686.04,-80.29
10766.33,-165.29
10931.62,54.11
10877.51,98.93
10778.58,-97.01
10875.59,-7.68
10883.27,165.77
10717.5,-241.81
10959.31,-0.56
10959.87,292.48
10667.39,-239.82
10907.21,113.59
10793.62,-125.43
10919.05,-196.27
11115.32,53.47
11061.85,40.26
11021.59,-54.75
11076.34,-203.31
11279.65,-0.32
11279.97,170.65
11109.32,-10.72
11120.04,-17.61
11137.65,-209.8
11347.45,-19.69
11367.14,-210.6
11577.74,196.75
11380.99,236.93
11144.06,-134.55
11278.61,30.74
11247.87,355.95
10891.92,-122.63
11014.55,25.46
10989.09,-161.13
11150.22,59.55
11090.67,351.32
10739.35,-129.03
10868.38,-351.32
11219.7,-20.65
11240.35,152.32
11088.03,-293.44
11381.47,97.42
11284.05,-180.1
11464.15,72.04
11392.11,-168.66
11560.77,52.67
11508.1,-170.97
11679.07,-171.14
11850.21,-110.3
11960.51,-41.86
12002.37,-87.89
12090.26,104.22
11986.04,-122.39
12108.43,-234.13
12342.56,62.39
12280.17,86.04
12194.13,-113.36
12307.49,-138.03
12445.52,102.3
12343.22,-119.93
12463.15,65.14
12398.01,-158.07
12556.08,-9.45
12565.53,78.51
12487.02,-166.47
12653.49,72.66
12580.83,-186.74
12767.57,120.09
12647.48,533.38
12114.1,-162.22
12276.32,165.91
12110.41,-370.6
12481.01,126.66
12354.35,-205.85
12560.2,-51.93
12612.13,-349.85
12961.98,-158.96
13120.94,-143.68
13264.62,-61.6
13326.22,-230.31
13556.53,49.25
13507.28,-160.83
13668.11,243.72
13424.39,-215.09
13639.48,279.22
13360.26,-48.36
13408.62,-203.06
13611.68,-295.57
13907.25,56.17
13851.08,585.61
13265.47,83.56
13181.91,-57.63
13239.54,160.46
13079.08,-299.79
13378.87,21.13
13357.74,244.36
13113.38,-329.14
13442.52,-377.67
13820.19,-75.44
13895.63,-170.38
14066.01,-27.07
14093.08,571.06
13522.02,-284.68
13806.7,211.6
13595.1,552.36
13042.74,-134.05
13176.79,195.91
12980.88,-390.84
13371.72,-253.86
13625.58,285.73
13339.85,-110.8
13450.65,84.78
13365.87,565.69
12800.18,193.88
12606.3,507
12099.3,-107.87
12207.17,-536.02
12743.19,561.06
12182.13,-166.08
12348.21,-32.81
12381.02,114.63
12266.39,372.7
11893.69,-57.4
11951.09,-410.23
12361.32,144.92
12216.4,-393.02
12609.42,284
12325.42,-523.94
12849.36,-42.5
12891.86,-166.34
13058.2,312.32
12745.88,-240.92
12986.8,507.17
12479.63,-158.69
12638.32,428.51
12209.81,-97.54
12307.35,464.66
11842.69,496.18
11346.51,57.97
11288.54,188
11100.54,-396.03
11496.57,125.88
11370.69,44.37
11326.32,-408
11734.32,74.42
11659.9,31.84
11628.06,84.51
11543.55,322.59
11220.96,-201.03
11421.99,33.55
11388.44,245.31
11143.13,817.75
10325.38,1874.19
8451.19,-401.03
8852.22,473.27
8378.95,-946.06
9325.01,381.2
8943.81,446.5
8497.31,450.89
8046.42,-782.62
8829.04,193.62
8635.42,5.74
8629.68,50.57
8579.11,63.56
8515.55,-519.14
9034.69,435.51
8599.18,317.96
8281.22,203.66
8077.56,76.7
8000.86,-279.73
8280.59,430.18
7850.41,484.74
7365.67,302.74
7062.93,435.99
6626.94,-597.04
7223.98,-54.4
7278.38,-497.8
7776.18,-241.41
8017.59,-113.74
8131.33,55.04
8076.29,-136.12
8212.41,-362.24
8574.65,306.01
8268.64,-8.68
8277.32,-223.01
8500.33,-262.8
8763.13,-36.13
8799.26,259.53
8539.73,101.34
8438.39,291.87
8146.52,-597.42
8743.94,-349.3
9093.24,-78.37
9171.61,-198.46
9370.07,48.67
9321.4,-184.56
9505.96,-38.24
9544.2,102.93
9441.27,-164.14
9605.41,-214.79
9820.2,155.01
9665.19,177.52
9487.67,-377.27
9864.94,-130.97
9995.91,23.73
9972.18,259.45
9712.73,-310.69
10023.42,-247.05
10270.47,-47.69
10318.16,8.24
10309.92,-78.98
10388.9,-82.6
10471.5,142.61
10328.89,-289.3
10618.19,8.54
10609.65,436.67
10172.98,105.65
10067.33,55.1
10012.23,-86.91
10099.14,-303.21
10402.35,77.09
10325.26,-240.94
10566.2,-58.49
10624.69,-117.29
10741.98,-108.38
10850.36,-146.99
10997.35,-21.31
11018.66,-185.62
11204.28,195.67
11008.61,628.18
10380.43,-239.73
10620.16,426.77
10193.39,56.76
10136.63,204.66
9931.97,-279.1
10211.07,-239.57
10450.64,306.83
10143.81,457.33
9686.48,-511.55
10198.03,100.13
10097.9,-326.72
10424.62,-41.32
10465.94,-187.62
10653.56,350.41
10303.15,89.53
10213.62,62.97
10150.65,-297.28
10447.93,-14.84
10462.77,-145.08
10607.85,-252.41
10860.26,30.58
10829.68,-176.8
11006.48,-56.3
11062.78,-69.78
11132.56,14.07
11118.49,-325.59
11444.08,251.5
11192.58,-10.97
11203.55,111.55
11092,-290.09
11382.09,-28.23
11410.32,-81.59
11491.91,-81.58
11573.49,-4.02
11577.51,-97.25
11674.76,-112.62
11787.38,-84.46
11871.84,48.14
11823.7,-268.45
12092.15,-181.11
12273.26,-117.99
12391.25,260.8
12130.45,-39.43
12169.88,125.48
12044.4,185.88
11858.52,-362.07
12220.59,-156.13
12376.72,-3.33
12380.05,38.22
12341.83,-164.16
12505.99,-304.55
12810.54,171.8
12638.74,42.99
12595.75,83.71
12512.04,70.46
12441.58,290.32
12151.26,199.35
11951.91,-52.45
12004.36,69.78
11934.58,-648.19
12582.77,-74.43
12657.2,177.47
12479.73,-201.43
12681.16,537.92
12143.24,698.63
11444.61,175.59
11269.02,451.37
10817.65,-466.89
11284.54,44.28
11240.26,248.13
10992.13,-516.96
11509.09,737.61
10771.48,-141.9
10913.38,-189.74
11103.12,-541.37
11644.49,-164.3
11808.79,-422.32
12231.11,247.87
11983.24,-170.44
12153.68,357.52
11796.16,564.38
11231.78,-787.64
12019.42,-164.84
12184.26,317.87
11866.39,-427.61
12294,76.44
12217.56,-142.36
12359.92,-62.14
12422.06,-298.42
12720.48,60.02
12660.46,-201.77
12862.23,61
12801.23,-148.64
12949.87,-33.08
12982.95,5.38
12977.57,55.55
12922.02,-310.6
13232.62,151.89
13080.73,-131.31
13212.04,151.9
13060.14,210.55
12849.59,-179.67
13029.26,-199.05
13228.31,190.04
13038.27,217.67
12820.6,451.22
12369.38,-85.45
12454.83,336.26
12118.57,-435.63
12554.2,-212.97
12767.17,126.39
12640.78,-239.31
12880.09,107.62
12772.47,-4.62
12777.09,-45.48
12822.57,-253.09
13075.66,-20.51
13096.17,-111.78
13207.95,-67.25
13275.2,117.23
13157.97,67.13
13090.84,-215.8
13306.64,-286.73
13593.37,13.9
13579.47,142.34
13437.13,-173.02
13610.15,281.3
13328.85,-14.66
13343.51,236.3
13107.21,14.05
13093.16,277.77
12815.39,227.08
12588.31,-421.37
13009.68,-15.9
13025.58,-129.55
13155.13,20.12
13135.01,-55.83
13190.84,252.73
12938.11,-497.1
13435.21,-53.22
13488.43,-161.27
13649.7,-246.28
13895.98,-113.81
14009.79,16.82
13992.97,11.21
13981.76,-18.81
14000.57,-89.09
14089.66,-307.41
14397.07,-117.04
14514.11,02.08
14512.03,-66.51
14578.54,13.29
14565.25,-299.81
14865.06,317.55
14547.51,-165.04
14712.55,-261.41
14973.96,-144.53
15118.49,-235.91
15354.4,51.3
15303.1,187.53
15115.57,-132.55
15248.12,177.94
15070.18,270.78
14799.4,-110.2
14909.6,-226.24
15135.84,-328.46
15464.3,-79.44
15543.74,-15.09
15558.83,-99.53
15658.36,232.85
15425.51,344.04
15081.47,70.96
15010.51,200.2
14810.31,-112.19
14922.5,-453.56
15376.06,-75.03
15451.09,192.85
15258.24,185.66
15072.58,-164.53
15237.11,-162.54
15399.65,-170.63
15570.28,-45.27
15615.55,-146.23
15761.78,-199.92
15961.7,-103.07
16064.77,-21.64
16086.41,66.21
16020.2,264.84
15755.36,-465.78
16221.14,-257.27
16478.41,8.42
16469.99,32.94
16437.05,-21.51
16458.56,579.45
15879.11,180.26
15698.85,-95.23
15794.08,-360.31
16154.39,51.09
16103.3,-218.41
16321.71,-131.01
16452.72,387.05
16065.67,-237.1
16302.77,-20.29
16323.06,-89.65
16412.71,385.96
16026.75,-381.79
16408.54,47.08
16361.46,-151.43
16512.89,-70.45
16583.34,92.03
16491.31,-114.96
16606.27,-110.9
16717.17,-207.11
16924.28,148.54
16775.74,-171.34
16947.08,95.24
16851.84,-216.42
17068.26,124.45
16943.81,-156.37
17100.18,139.61
16960.57,467.2
16493.37,-60.56
16553.93,-108.98
16662.91,-338.31
17001.22,-97.23
17098.45,-38.91
17137.36,149.85
16987.51,-292.23
17279.74,166.59
17113.15,103.46
17009.69,465.59
16544.1,163.69
16380.41,-425
16805.41,-585.11
17390.52,-183.41
17573.93,-60.81
17634.74,-175.32
17810.06,-18.18
17828.24,-130.55
17958.79,677.96
17280.83,-523.97
17804.8,-248.91
18053.71,220.72
17832.99,95.62
17737.37,225.8
17511.57,-161.03
17672.6,507.65
17164.95,-659.34
17824.29,-195.06
18019.35,-121.09
18140.44,7.74
18132.7,275.92
17856.78,107.47
17749.31,-378.34
18127.65,414.99
17712.66,-50.58
17763.24,-294.41
18057.65,231.35
17826.3,-253.84
18080.14,56.08
18024.06,-167.05
18191.11,-81.45
18272.56,40.54
18232.02,221.34
18010.68,161.22
17849.46,-49.38
17898.84,-117.11
18015.95,69.27
17946.68,216.57
17730.11,-30.3
17760.41,-326.04
18086.45,517.92
17568.53,-121.33
17689.86,316.48
17373.38,-104.02
17477.4,1017.65
16459.75,-183.26
16643.01,540.63
16102.38,-330.71
16433.09,48.3
16384.79,70.12
16314.67,-157.7
16472.37,-612.12
17084.49,-131.48
17215.97,-430.73
17646.7,-16.84
17663.54,-246.79
17910.33,665.09
17245.24,-578.57
17823.81,25.32
17798.49,-49.14
17847.63,582.42
17265.21,136.66
17128.55,-423.62
17552.17,127.14
17425.03,1078.58
16346.45,358.37
15988.08,-105.43
16093.51,-372.79
16466.3,261.47
16204.83,230.99
15973.84,-418.15
16391.99,-247.98
16639.97,-366.8
17006.77,-206.54
17213.31,-388.99
17602.3,86.57
17515.73,-277.02
17792.75,215.79
17576.96,-320.5
17897.46,-106.29
18003.75,230.11
17773.64,33.01
17740.63,205.31
17535.32,34.38
17500.94,-372.28
17873.22,66.16
17807.06,-58.28
17865.34,190.18
17675.16,274.41
17400.75,-548.62
17949.37,-197.37
18146.74,-369.81
18516.55,-54.3
18570.85,138.61
18432.24,-111.29
18543.53,-32.94
18576.47,23.9
18552.57,157.17
18395.4,-96.56
18491.96,406.51
18085.45,-38.35
18123.8,-137.65
18261.45,-46.7
18308.15,67.66
18240.49,102.11
18138.38,-7.33
18145.71,-15.48
18161.19,272.91
17888.28,-959.38
18847.66,-20.27
18867.93,-284.21
19152.14,-18.28
19170.42,-586.43
19756.85,-86.56
19843.41,-90.4
19933.81,171.21
19762.6,-201.2
19963.8,78.07
19885.73,58.48
19827.25,-266.53
20093.78,22.32
20071.46,-197.91
20269.37,-354.68
20624.05,-197.71
20821.76,-183.95
21005.71,102.73
20902.98,-11.64
20914.62,317.9
20596.72,-66.5
20663.22,7.12
20656.1,202.85
20453.25,-94.51
20547.76,-392.75
20940.51,-66.43
21006.94,110.33
20896.61,91.77
20804.84,-275.44
21080.28,-126.01
21206.29,-65.68
21271.97,-112.31
21384.28,-10.48
21394.76,45.13
21349.63,-64.71
21414.34,-223.4
21637.74,57.67
21580.07,-250.24
21830.31,-262.5
22092.81,234.49
21858.32,183.81
21674.51,-139.16